ENSP00000263519|ATP2B3	ENSPTRP00000068300.1	100.00	1220	0	0	1	1220	1	1220	0.0	2519
ENSP00000263519|ATP2B3	ENSP00000263519.4	100.00	1220	0	0	1	1220	1	1220	0.0	2519
ENSP00000263519|ATP2B3	ENSP00000343886.2	100.00	1220	0	0	1	1220	1	1220	0.0	2519
ENSP00000263519|ATP2B3	ENSRROP00000040949.1	99.18	1220	10	0	1	1220	1	1220	0.0	2501
ENSP00000263519|ATP2B3	ENSPANP00000001780.2	98.85	1220	14	0	1	1220	1	1220	0.0	2486
ENSP00000263519|ATP2B3	ENSSTOP00000030635.1	98.36	1220	20	0	1	1220	1	1220	0.0	2484
ENSP00000263519|ATP2B3	ENSPTRP00000075366.1	98.85	1220	0	1	1	1220	1	1206	0.0	2478
ENSP00000263519|ATP2B3	ENSMUSP00000085775.1	98.20	1220	22	0	1	1220	1	1220	0.0	2477
ENSP00000263519|ATP2B3	ENSMMUP00000015063.3	97.96	1226	19	1	1	1220	1	1226	0.0	2468
ENSP00000263519|ATP2B3	ENSSBOP00000032177.1	97.95	1220	25	0	1	1220	1	1220	0.0	2467
ENSP00000263519|ATP2B3	ENSNGAP00000025028.1	97.70	1220	28	0	1	1220	1	1220	0.0	2465
ENSP00000263519|ATP2B3	ENSCPOP00000030648.1	97.23	1226	28	1	1	1220	1	1226	0.0	2464
ENSP00000263519|ATP2B3	ENSRROP00000040960.1	98.03	1220	10	1	1	1220	1	1206	0.0	2463
ENSP00000263519|ATP2B3	ENSRNOP00000075088.1	95.15	1258	23	1	1	1220	1	1258	0.0	2463
ENSP00000263519|ATP2B3	ENSSBOP00000032146.1	95.68	1249	25	1	1	1220	1	1249	0.0	2456
ENSP00000263519|ATP2B3	ENSOGAP00000008000.2	94.83	1258	27	1	1	1220	1	1258	0.0	2454
ENSP00000263519|ATP2B3	ENSNGAP00000025027.1	94.75	1258	28	1	1	1220	1	1258	0.0	2448
ENSP00000263519|ATP2B3	ENSECAP00000021537.1	96.98	1225	28	2	1	1220	1	1221	0.0	2448
ENSP00000263519|ATP2B3	ENSFCAP00000025978.1	96.80	1220	38	1	1	1220	1	1219	0.0	2440
ENSP00000263519|ATP2B3	ENSMMUP00000015064.3	97.46	1220	13	2	1	1220	1	1202	0.0	2437
ENSP00000263519|ATP2B3	ENSECAP00000021536.1	94.74	1254	28	3	1	1220	1	1250	0.0	2433
ENSP00000263519|ATP2B3	ENSBTAP00000000677.5	96.15	1220	33	1	1	1220	1	1206	0.0	2425
ENSP00000263519|ATP2B3	ENSFDAP00000014507.1	96.24	1223	43	2	1	1220	1	1223	0.0	2420
ENSP00000263519|ATP2B3	ENSSBOP00000032155.1	94.56	1249	25	2	1	1220	1	1235	0.0	2416
ENSP00000263519|ATP2B3	ENSFCAP00000027830.1	95.66	1220	38	2	1	1220	1	1205	0.0	2403
ENSP00000263519|ATP2B3	ENSFDAP00000014510.1	93.34	1261	43	3	1	1220	1	1261	0.0	2403
ENSP00000263519|ATP2B3	ENSAMEP00000009348.1	93.67	1263	37	2	1	1220	1	1263	0.0	2389
ENSP00000263519|ATP2B3	ENSSSCP00000056668.1	96.54	1184	41	0	1	1184	1	1184	0.0	2375
ENSP00000263519|ATP2B3	ENSSSCP00000030524.2	94.23	1213	41	1	1	1184	1	1213	0.0	2360
ENSP00000263519|ATP2B3	ENSMLUP00000009659.2	94.59	1258	30	1	1	1220	1	1258	0.0	2356
ENSP00000263519|ATP2B3	ENSFCAP00000003721.4	93.88	1258	38	2	1	1220	1	1257	0.0	2331
ENSP00000263519|ATP2B3	ENSDNOP00000028597.1	93.16	1258	44	2	1	1220	1	1254	0.0	2324
ENSP00000263519|ATP2B3	ENSPTRP00000081790.1	99.47	1124	6	0	1	1124	1	1124	0.0	2308
ENSP00000263519|ATP2B3	ENSP00000352062.3	99.47	1124	6	0	1	1124	1	1124	0.0	2308
ENSP00000263519|ATP2B3	ENSRROP00000040945.1	98.67	1124	15	0	1	1124	1	1124	0.0	2294
ENSP00000263519|ATP2B3	ENSPTRP00000091939.1	99.91	1115	1	0	1	1115	1	1115	0.0	2292
ENSP00000263519|ATP2B3	ENSMMUP00000048190.1	98.75	1124	14	0	1	1124	1	1124	0.0	2291
ENSP00000263519|ATP2B3	ENSPANP00000040977.1	96.62	1154	34	3	1	1149	1	1154	0.0	2284
ENSP00000263519|ATP2B3	ENSSTOP00000029273.1	96.43	1150	36	3	1	1145	1	1150	0.0	2282
ENSP00000263519|ATP2B3	ENSCJAP00000021115.2	94.13	1193	27	4	70	1220	1	1192	0.0	2281
ENSP00000263519|ATP2B3	ENSMUSP00000110123.1	96.43	1150	36	3	1	1145	1	1150	0.0	2280
ENSP00000263519|ATP2B3	ENSRROP00000040957.1	93.61	1220	65	2	1	1220	1	1207	0.0	2274
ENSP00000263519|ATP2B3	ENSP00000377425.1	98.22	1124	6	1	1	1124	1	1110	0.0	2269
ENSP00000263519|ATP2B3	ENSMAUP00000008646.1	95.83	1150	43	3	1	1145	1	1150	0.0	2269
ENSP00000263519|ATP2B3	ENSMAUP00000008658.1	95.83	1150	43	3	1	1145	1	1150	0.0	2267
ENSP00000263519|ATP2B3	ENSP00000359205.1	98.22	1124	6	1	1	1124	1	1110	0.0	2266
ENSP00000263519|ATP2B3	ENSMUSP00000033744.5	98.65	1114	15	0	1	1114	1	1114	0.0	2264
ENSP00000263519|ATP2B3	ENSSTOP00000007238.3	98.65	1114	15	0	1	1114	1	1114	0.0	2264
ENSP00000263519|ATP2B3	ENSSBOP00000032205.1	95.16	1157	37	3	1	1157	1	1138	0.0	2258
ENSP00000263519|ATP2B3	ENSFDAP00000014523.1	95.31	1151	48	4	1	1145	1	1151	0.0	2256
ENSP00000263519|ATP2B3	ENSCPOP00000004590.3	97.50	1121	22	1	1	1115	1	1121	0.0	2256
ENSP00000263519|ATP2B3	ENSNGAP00000025029.1	98.03	1115	22	0	1	1115	1	1115	0.0	2254
ENSP00000263519|ATP2B3	ENSMAUP00000008668.1	98.03	1115	22	0	1	1115	1	1115	0.0	2254
ENSP00000263519|ATP2B3	ENSRNOP00000071471.1	95.30	1150	35	4	1	1145	1	1136	0.0	2246
ENSP00000263519|ATP2B3	ENSFDAP00000014500.1	97.40	1116	28	1	1	1115	1	1116	0.0	2241
ENSP00000263519|ATP2B3	ENSPANP00000045321.1	94.89	1154	40	4	1	1149	1	1140	0.0	2222
ENSP00000263519|ATP2B3	ENSCPOP00000032996.1	95.25	1159	44	4	1	1148	1	1159	0.0	2198
ENSP00000263519|ATP2B3	ENSLAFP00000018810.1	88.89	1260	94	6	1	1220	1	1254	0.0	2191
ENSP00000263519|ATP2B3	ENSLAFP00000001848.4	90.75	1222	106	3	1	1220	1	1217	0.0	2188
ENSP00000263519|ATP2B3	ENSSSCP00000030219.2	94.37	1154	60	3	1	1149	1	1154	0.0	2187
ENSP00000263519|ATP2B3	ENSSSCP00000013576.3	94.37	1154	60	3	1	1149	1	1154	0.0	2186
ENSP00000263519|ATP2B3	ENSSSCP00000029190.2	94.37	1154	60	3	1	1149	1	1154	0.0	2186
ENSP00000263519|ATP2B3	ENSCPOP00000025242.1	93.70	1159	48	5	1	1148	1	1145	0.0	2177
ENSP00000263519|ATP2B3	ENSSSCP00000039981.1	92.63	1154	66	4	1	1149	1	1140	0.0	2162
ENSP00000263519|ATP2B3	ENSOANP00000001063.2	91.42	1154	93	4	1	1149	1	1153	0.0	2107
ENSP00000263519|ATP2B3	ENSMODP00000010132.2	83.12	1268	152	7	1	1220	1	1254	0.0	2102
ENSP00000263519|ATP2B3	ENSPVAP00000012241.1	97.25	1054	25	4	167	1220	167	1216	0.0	2102
ENSP00000263519|ATP2B3	ENSPPYP00000023329.2	94.31	1124	11	3	1	1124	1	1071	0.0	2094
ENSP00000263519|ATP2B3	ENSSSCP00000034401.1	83.70	1221	189	5	1	1220	1	1212	0.0	2044
ENSP00000263519|ATP2B3	ENSSTOP00000029961.1	81.63	1241	198	6	1	1220	1	1232	0.0	2044
ENSP00000263519|ATP2B3	ENSNGAP00000014168.1	82.27	1241	190	6	1	1220	1	1232	0.0	2043
ENSP00000263519|ATP2B3	ENSOCUP00000002060.3	97.15	1018	29	0	1	1018	1	1018	0.0	2043
ENSP00000263519|ATP2B3	ENSSBOP00000006276.1	82.27	1241	190	6	1	1220	1	1232	0.0	2041
ENSP00000263519|ATP2B3	ENSSSCP00000013577.3	82.95	1232	189	6	1	1220	1	1223	0.0	2040
ENSP00000263519|ATP2B3	ENSMAUP00000007912.1	81.55	1252	190	6	1	1220	1	1243	0.0	2039
ENSP00000263519|ATP2B3	ENSSSCP00000012333.3	80.91	1252	198	7	1	1220	1	1243	0.0	2038
ENSP00000263519|ATP2B3	ENSMUSP00000098605.2	81.55	1252	190	6	1	1220	1	1243	0.0	2036
ENSP00000263519|ATP2B3	ENSSTOP00000030130.1	80.91	1252	198	7	1	1220	1	1243	0.0	2036
ENSP00000263519|ATP2B3	ENSSTOP00000032248.1	80.91	1252	198	7	1	1220	1	1243	0.0	2036
ENSP00000263519|ATP2B3	ENSSTOP00000012586.3	80.91	1252	198	7	1	1220	1	1243	0.0	2036
ENSP00000263519|ATP2B3	ENSMMUP00000026205.3	80.91	1252	198	7	1	1220	1	1243	0.0	2035
ENSP00000263519|ATP2B3	ENSFDAP00000000493.1	81.45	1251	192	6	1	1220	1	1242	0.0	2033
ENSP00000263519|ATP2B3	ENSSBOP00000006257.1	81.55	1252	190	6	1	1220	1	1243	0.0	2032
ENSP00000263519|ATP2B3	ENSSBOP00000006240.1	81.55	1252	190	6	1	1220	1	1243	0.0	2032
ENSP00000263519|ATP2B3	ENSPANP00000024390.1	81.47	1252	191	6	1	1220	1	1243	0.0	2031
ENSP00000263519|ATP2B3	ENSRROP00000019274.1	81.47	1252	191	6	1	1220	1	1243	0.0	2030
ENSP00000263519|ATP2B3	ENSPTRP00000086677.1	81.47	1252	191	6	1	1220	1	1243	0.0	2030
ENSP00000263519|ATP2B3	ENSP00000353414.2	81.39	1252	192	6	1	1220	1	1243	0.0	2030
ENSP00000263519|ATP2B3	ENSP00000324172.5	81.39	1252	192	6	1	1220	1	1243	0.0	2030
ENSP00000263519|ATP2B3	ENSPPYP00000015267.1	81.39	1252	192	6	1	1220	1	1243	0.0	2029
ENSP00000263519|ATP2B3	ENSDORP00000022311.1	80.99	1252	197	7	1	1220	1	1243	0.0	2028
ENSP00000263519|ATP2B3	ENSECAP00000021670.1	81.39	1252	192	6	1	1220	1	1243	0.0	2028
ENSP00000263519|ATP2B3	ENSMUSP00000086398.5	82.96	1221	184	6	1	1220	1	1198	0.0	2025
ENSP00000263519|ATP2B3	ENSMUSP00000098606.3	82.96	1221	184	6	1	1220	1	1198	0.0	2025
ENSP00000263519|ATP2B3	ENSMAUP00000007914.1	82.96	1221	184	6	1	1220	1	1198	0.0	2025
ENSP00000263519|ATP2B3	ENSOGAP00000015269.2	82.96	1221	184	6	1	1220	1	1198	0.0	2024
ENSP00000263519|ATP2B3	ENSSSCP00000036866.1	83.05	1221	183	6	1	1220	1	1198	0.0	2024
ENSP00000263519|ATP2B3	ENSSBOP00000006335.1	83.05	1221	183	6	1	1220	1	1198	0.0	2024
ENSP00000263519|ATP2B3	ENSRNOP00000060489.3	82.88	1221	185	6	1	1220	1	1198	0.0	2023
ENSP00000263519|ATP2B3	ENSPTRP00000076164.1	82.96	1221	184	6	1	1220	1	1198	0.0	2023
ENSP00000263519|ATP2B3	ENSNGAP00000014153.1	82.96	1221	184	6	1	1220	1	1198	0.0	2023
ENSP00000263519|ATP2B3	ENSSTOP00000025642.1	82.96	1221	184	6	1	1220	1	1198	0.0	2022
ENSP00000263519|ATP2B3	ENSP00000380267.1	82.88	1221	185	6	1	1220	1	1198	0.0	2022
ENSP00000263519|ATP2B3	ENSP00000373311.4	82.88	1221	185	6	1	1220	1	1198	0.0	2022
ENSP00000263519|ATP2B3	ENSFDAP00000000497.1	82.88	1221	185	6	1	1220	1	1198	0.0	2021
ENSP00000263519|ATP2B3	ENSMMUP00000026206.3	82.98	1222	183	7	1	1220	1	1199	0.0	2020
ENSP00000263519|ATP2B3	ENSDORP00000023033.1	82.34	1229	199	6	1	1220	1	1220	0.0	2014
ENSP00000263519|ATP2B3	ENSDORP00000014428.2	81.58	1238	201	6	1	1220	1	1229	0.0	2011
ENSP00000263519|ATP2B3	ENSMUSP00000145174.1	82.64	1221	184	7	1	1220	1	1194	0.0	2011
ENSP00000263519|ATP2B3	ENSPTRP00000046389.4	80.43	1252	204	7	1	1220	1	1243	0.0	2009
ENSP00000263519|ATP2B3	ENSPTRP00000086807.1	82.98	1222	192	8	1	1220	1	1208	0.0	2008
ENSP00000263519|ATP2B3	ENSDORP00000026382.1	82.39	1221	187	7	1	1220	1	1194	0.0	2004
ENSP00000263519|ATP2B3	ENSMMUP00000026203.3	81.90	1221	204	8	1	1220	1	1205	0.0	1999
ENSP00000263519|ATP2B3	ENSAMEP00000016879.1	80.58	1236	200	9	1	1203	1	1229	0.0	1997
ENSP00000263519|ATP2B3	ENSCPOP00000028576.1	82.22	1215	194	5	1	1215	1	1193	0.0	1996
ENSP00000263519|ATP2B3	ENSLAFP00000012235.3	79.71	1252	212	8	1	1220	1	1242	0.0	1994
ENSP00000263519|ATP2B3	ENSCJAP00000030420.1	80.51	1252	196	7	1	1220	1	1236	0.0	1992
ENSP00000263519|ATP2B3	ENSCPOP00000017550.2	80.45	1243	207	5	1	1215	1	1235	0.0	1984
ENSP00000263519|ATP2B3	ENSLAFP00000022666.1	78.89	1260	211	10	1	1220	1	1245	0.0	1976
ENSP00000263519|ATP2B3	ENSLAFP00000024516.1	82.01	1212	210	4	10	1220	4	1208	0.0	1974
ENSP00000263519|ATP2B3	ENSTTRP00000004148.1	78.12	1252	233	7	1	1220	1	1243	0.0	1948
ENSP00000263519|ATP2B3	ENSMODP00000006851.3	78.78	1230	218	8	25	1220	7	1227	0.0	1935
ENSP00000263519|ATP2B3	ENSFCAP00000010447.4	84.85	1142	152	4	80	1220	54	1175	0.0	1933
ENSP00000263519|ATP2B3	ENSBTAP00000012570.4	80.03	1227	231	7	1	1220	1	1220	0.0	1922
ENSP00000263519|ATP2B3	ENSBTAP00000001723.5	79.77	1221	223	6	1	1220	1	1198	0.0	1919
ENSP00000263519|ATP2B3	ENSRROP00000019268.1	84.02	1139	175	4	1	1137	1	1134	0.0	1915
ENSP00000263519|ATP2B3	ENSRROP00000019271.1	84.02	1139	175	4	1	1137	1	1134	0.0	1915
ENSP00000263519|ATP2B3	ENSMAUP00000007759.1	80.11	1227	230	7	1	1220	1	1220	0.0	1915
ENSP00000263519|ATP2B3	ENSMUSP00000020107.7	80.11	1227	230	7	1	1220	1	1220	0.0	1914
ENSP00000263519|ATP2B3	ENSMMUP00000027794.3	85.63	1127	92	7	1	1124	1	1060	0.0	1914
ENSP00000263519|ATP2B3	ENSSSCP00000052302.1	81.11	1170	183	6	1	1137	1	1165	0.0	1912
ENSP00000263519|ATP2B3	ENSFDAP00000014494.1	79.87	1227	233	7	1	1220	1	1220	0.0	1912
ENSP00000263519|ATP2B3	ENSSTOP00000031824.1	79.95	1227	232	7	1	1220	1	1220	0.0	1911
ENSP00000263519|ATP2B3	ENSCPOP00000014003.2	79.87	1227	233	7	1	1220	1	1220	0.0	1910
ENSP00000263519|ATP2B3	ENSNGAP00000011687.1	79.87	1227	233	7	1	1220	1	1220	0.0	1910
ENSP00000263519|ATP2B3	ENSSTOP00000032680.1	81.11	1170	183	6	1	1137	1	1165	0.0	1910
ENSP00000263519|ATP2B3	ENSSTOP00000027358.1	81.11	1170	183	6	1	1137	1	1165	0.0	1909
ENSP00000263519|ATP2B3	ENSSBOP00000006314.1	81.79	1170	175	5	1	1137	1	1165	0.0	1907
ENSP00000263519|ATP2B3	ENSFCAP00000031183.1	84.06	1142	158	5	80	1220	54	1172	0.0	1907
ENSP00000263519|ATP2B3	ENSRNOP00000045983.4	81.71	1170	176	5	1	1137	1	1165	0.0	1907
ENSP00000263519|ATP2B3	ENSSBOP00000006295.1	81.79	1170	175	5	1	1137	1	1165	0.0	1905
ENSP00000263519|ATP2B3	ENSMMUP00000027791.3	81.71	1170	176	5	1	1137	1	1165	0.0	1904
ENSP00000263519|ATP2B3	ENSP00000414854.1	85.25	1105	156	3	117	1220	1	1099	0.0	1904
ENSP00000263519|ATP2B3	ENSCPOP00000024836.1	81.54	1170	178	5	1	1137	1	1165	0.0	1903
ENSP00000263519|ATP2B3	ENSCJAP00000036439.2	79.49	1224	240	8	1	1220	1	1217	0.0	1902
ENSP00000263519|ATP2B3	ENSFCAP00000007061.3	80.11	1227	230	7	1	1220	1	1220	0.0	1898
ENSP00000263519|ATP2B3	ENSMUSP00000138165.1	83.32	1139	169	5	1	1137	1	1120	0.0	1898
ENSP00000263519|ATP2B3	ENSMAUP00000007771.1	77.71	1265	230	8	1	1220	1	1258	0.0	1898
ENSP00000263519|ATP2B3	ENSSSCP00000035789.1	83.41	1139	168	5	1	1137	1	1120	0.0	1897
ENSP00000263519|ATP2B3	ENSCPOP00000022834.1	78.03	1256	233	8	1	1220	1	1249	0.0	1896
ENSP00000263519|ATP2B3	ENSSSCP00000042785.1	83.41	1139	168	5	1	1137	1	1120	0.0	1896
ENSP00000263519|ATP2B3	ENSOANP00000003040.2	77.37	1233	246	10	4	1220	1	1216	0.0	1895
ENSP00000263519|ATP2B3	ENSPANP00000006928.2	83.32	1139	169	5	1	1137	1	1120	0.0	1894
ENSP00000263519|ATP2B3	ENSPTRP00000079184.1	83.32	1139	169	5	1	1137	1	1120	0.0	1894
ENSP00000263519|ATP2B3	ENSP00000492732.1	83.23	1139	170	5	1	1137	1	1120	0.0	1894
ENSP00000263519|ATP2B3	ENSP00000424494.1	83.23	1139	170	5	1	1137	1	1120	0.0	1894
ENSP00000263519|ATP2B3	ENSSSCP00000000984.3	79.87	1227	233	7	1	1220	1	1220	0.0	1894
ENSP00000263519|ATP2B3	ENSSSCP00000034883.1	79.87	1227	233	7	1	1220	1	1220	0.0	1894
ENSP00000263519|ATP2B3	ENSSBOP00000012257.1	79.79	1227	234	7	1	1220	1	1220	0.0	1893
ENSP00000263519|ATP2B3	ENSRROP00000006820.1	79.79	1227	234	7	1	1220	1	1220	0.0	1893
ENSP00000263519|ATP2B3	ENSPANP00000000406.2	79.79	1227	234	7	1	1220	1	1220	0.0	1893
ENSP00000263519|ATP2B3	ENSPTRP00000066545.1	79.79	1227	234	7	1	1220	1	1220	0.0	1893
ENSP00000263519|ATP2B3	ENSP00000261173.2	79.79	1227	234	7	1	1220	1	1220	0.0	1893
ENSP00000263519|ATP2B3	ENSP00000392043.3	79.79	1227	234	7	1	1220	1	1220	0.0	1893
ENSP00000263519|ATP2B3	ENSCJAP00000036442.2	79.79	1227	234	7	1	1220	1	1220	0.0	1893
ENSP00000263519|ATP2B3	ENSRROP00000019279.1	83.32	1139	169	5	1	1137	1	1120	0.0	1893
ENSP00000263519|ATP2B3	ENSPANP00000034173.1	83.32	1139	169	5	1	1137	1	1120	0.0	1893
ENSP00000263519|ATP2B3	ENSNGAP00000011689.1	77.47	1265	233	8	1	1220	1	1258	0.0	1892
ENSP00000263519|ATP2B3	ENSLAFP00000012750.4	79.71	1227	235	7	1	1220	1	1220	0.0	1892
ENSP00000263519|ATP2B3	ENSCPOP00000026963.1	79.24	1204	178	6	1	1137	1	1199	0.0	1888
ENSP00000263519|ATP2B3	ENSFCAP00000017524.2	78.26	1256	230	8	1	1220	1	1249	0.0	1886
ENSP00000263519|ATP2B3	ENSOGAP00000007411.2	77.33	1266	234	9	1	1220	1	1259	0.0	1883
ENSP00000263519|ATP2B3	ENSMLUP00000015714.2	77.27	1267	234	10	1	1220	1	1260	0.0	1882
ENSP00000263519|ATP2B3	ENSRROP00000019278.1	80.60	1170	189	6	1	1137	1	1165	0.0	1881
ENSP00000263519|ATP2B3	ENSPANP00000039525.1	80.60	1170	189	6	1	1137	1	1165	0.0	1881
ENSP00000263519|ATP2B3	ENSOCUP00000014188.2	78.11	1256	232	8	1	1220	1	1249	0.0	1881
ENSP00000263519|ATP2B3	ENSRROP00000006817.1	77.95	1256	234	8	1	1220	1	1249	0.0	1880
ENSP00000263519|ATP2B3	ENSPTRP00000071232.1	80.60	1170	189	6	1	1137	1	1165	0.0	1879
ENSP00000263519|ATP2B3	ENSMMUP00000030778.3	79.30	1222	230	6	1	1220	1	1201	0.0	1878
ENSP00000263519|ATP2B3	ENSPANP00000046489.1	77.39	1265	234	8	1	1220	1	1258	0.0	1877
ENSP00000263519|ATP2B3	ENSPTRP00000043371.3	77.39	1265	234	8	1	1220	1	1258	0.0	1877
ENSP00000263519|ATP2B3	ENSMMUP00000030782.2	77.39	1265	234	8	1	1220	1	1258	0.0	1877
ENSP00000263519|ATP2B3	ENSMMUP00000026207.3	82.18	1139	189	7	1	1137	1	1127	0.0	1873
ENSP00000263519|ATP2B3	ENSSBOP00000006359.1	77.82	1240	211	9	1	1220	1	1196	0.0	1873
ENSP00000263519|ATP2B3	ENSDNOP00000011186.3	77.19	1267	235	10	1	1220	1	1260	0.0	1872
ENSP00000263519|ATP2B3	ENSOCUP00000005655.2	75.00	1228	279	8	2	1220	2	1210	0.0	1869
ENSP00000263519|ATP2B3	ENSAMEP00000017136.1	77.37	1268	232	10	1	1220	1	1261	0.0	1868
ENSP00000263519|ATP2B3	ENSSSCP00000016196.3	75.64	1219	268	8	12	1220	7	1206	0.0	1863
ENSP00000263519|ATP2B3	ENSSSCP00000035172.1	75.64	1219	268	8	12	1220	7	1206	0.0	1863
ENSP00000263519|ATP2B3	ENSLAFP00000010403.4	75.54	1206	268	6	25	1220	20	1208	0.0	1853
ENSP00000263519|ATP2B3	ENSPANP00000002832.2	76.81	1173	243	5	25	1187	20	1173	0.0	1851
ENSP00000263519|ATP2B3	ENSFCAP00000000808.3	74.53	1225	275	7	5	1220	11	1207	0.0	1847
ENSP00000263519|ATP2B3	ENSSBOP00000012600.1	74.80	1226	268	8	5	1220	11	1205	0.0	1846
ENSP00000263519|ATP2B3	ENSOGAP00000000217.2	75.08	1212	275	8	18	1220	10	1203	0.0	1845
ENSP00000263519|ATP2B3	ENSCJAP00000012246.2	74.63	1226	270	8	5	1220	11	1205	0.0	1845
ENSP00000263519|ATP2B3	ENSAMEP00000000856.1	72.70	1271	272	10	2	1220	2	1249	0.0	1845
ENSP00000263519|ATP2B3	ENSPANP00000004131.2	77.24	1173	250	6	25	1187	20	1185	0.0	1844
ENSP00000263519|ATP2B3	ENSDNOP00000017593.2	76.43	1205	256	7	25	1220	20	1205	0.0	1844
ENSP00000263519|ATP2B3	ENSRROP00000002498.1	77.15	1173	251	6	25	1187	20	1185	0.0	1842
ENSP00000263519|ATP2B3	ENSMMUP00000027792.2	77.07	1173	252	6	25	1187	20	1185	0.0	1842
ENSP00000263519|ATP2B3	ENSPTRP00000069379.1	77.07	1173	252	6	25	1187	20	1185	0.0	1839
ENSP00000263519|ATP2B3	ENSFDAP00000011578.1	75.02	1217	279	7	12	1220	7	1206	0.0	1839
ENSP00000263519|ATP2B3	ENSPTRP00000038592.4	83.64	1125	118	9	1	1124	1	1060	0.0	1838
ENSP00000263519|ATP2B3	ENSP00000350310.5	76.98	1173	253	6	25	1187	20	1185	0.0	1838
ENSP00000263519|ATP2B3	ENSFCAP00000026143.1	74.12	1225	268	6	5	1220	11	1195	0.0	1838
ENSP00000263519|ATP2B3	ENSCPOP00000023448.1	75.04	1218	278	7	12	1220	7	1207	0.0	1837
ENSP00000263519|ATP2B3	ENSDORP00000024307.1	73.86	1205	284	5	25	1220	20	1202	0.0	1834
ENSP00000263519|ATP2B3	ENSTTRP00000006452.1	77.91	1227	254	9	1	1220	1	1217	0.0	1829
ENSP00000263519|ATP2B3	ENSPANP00000033382.1	74.94	1209	250	7	25	1187	20	1221	0.0	1827
ENSP00000263519|ATP2B3	ENSOANP00000010577.3	79.97	1148	219	6	1	1140	1	1145	0.0	1822
ENSP00000263519|ATP2B3	ENSDORP00000017505.1	73.44	1205	279	6	25	1220	20	1192	0.0	1821
ENSP00000263519|ATP2B3	ENSDORP00000013751.2	72.18	1233	284	6	25	1220	20	1230	0.0	1819
ENSP00000263519|ATP2B3	ENSMLUP00000009094.2	72.49	1254	283	8	12	1220	7	1243	0.0	1818
ENSP00000263519|ATP2B3	ENSRNOP00000059397.2	80.23	1148	216	6	1	1140	1	1145	0.0	1814
ENSP00000263519|ATP2B3	ENSRNOP00000040092.2	80.23	1148	216	6	1	1140	1	1145	0.0	1814
ENSP00000263519|ATP2B3	ENSSTOP00000014387.3	79.97	1148	219	6	1	1140	1	1145	0.0	1812
ENSP00000263519|ATP2B3	ENSFDAP00000014505.1	79.88	1148	220	6	1	1140	1	1145	0.0	1812
ENSP00000263519|ATP2B3	ENSNGAP00000004254.1	77.53	1144	247	7	4	1147	1	1134	0.0	1809
ENSP00000263519|ATP2B3	ENSMODP00000012361.3	79.44	1148	225	6	1	1140	1	1145	0.0	1806
ENSP00000263519|ATP2B3	ENSSSCP00000000983.3	75.88	1256	224	9	1	1220	1	1213	0.0	1800
ENSP00000263519|ATP2B3	ENSSSCP00000045874.1	78.65	1124	233	6	12	1134	7	1124	0.0	1800
ENSP00000263519|ATP2B3	ENSSTOP00000009572.3	74.10	1228	279	9	12	1220	7	1214	0.0	1798
ENSP00000263519|ATP2B3	ENSSSCP00000044440.1	77.94	1124	229	4	12	1134	7	1112	0.0	1794
ENSP00000263519|ATP2B3	ENSNGAP00000004249.1	75.06	1179	250	7	4	1147	1	1170	0.0	1794
ENSP00000263519|ATP2B3	ENSSSCP00000038808.1	79.79	1148	221	6	1	1140	1	1145	0.0	1793
ENSP00000263519|ATP2B3	ENSSBOP00000012241.1	79.79	1148	221	6	1	1140	1	1145	0.0	1793
ENSP00000263519|ATP2B3	ENSP00000352054.3	79.79	1148	221	6	1	1140	1	1145	0.0	1793
ENSP00000263519|ATP2B3	ENSCJAP00000036425.2	79.79	1148	221	6	1	1140	1	1145	0.0	1793
ENSP00000263519|ATP2B3	ENSFDAP00000011579.1	75.51	1176	275	7	12	1186	7	1170	0.0	1793
ENSP00000263519|ATP2B3	ENSSBOP00000012618.1	78.46	1119	224	5	5	1123	11	1112	0.0	1791
ENSP00000263519|ATP2B3	ENSSBOP00000012582.1	78.46	1119	224	5	5	1123	11	1112	0.0	1791
ENSP00000263519|ATP2B3	ENSRROP00000002491.1	79.44	1099	220	4	25	1123	20	1112	0.0	1791
ENSP00000263519|ATP2B3	ENSRROP00000002480.1	79.44	1099	220	4	25	1123	20	1112	0.0	1791
ENSP00000263519|ATP2B3	ENSFCAP00000030438.1	77.37	1131	238	6	5	1134	11	1124	0.0	1790
ENSP00000263519|ATP2B3	ENSFCAP00000038310.1	77.37	1131	238	6	5	1134	11	1124	0.0	1790
ENSP00000263519|ATP2B3	ENSMMUP00000027796.3	79.34	1099	221	4	25	1123	20	1112	0.0	1790
ENSP00000263519|ATP2B3	ENSECAP00000004686.1	78.67	1111	229	6	25	1134	20	1123	0.0	1788
ENSP00000263519|ATP2B3	ENSPTRP00000090412.1	79.44	1099	220	4	25	1123	20	1112	0.0	1787
ENSP00000263519|ATP2B3	ENSPTRP00000040595.6	79.44	1099	220	4	25	1123	20	1112	0.0	1786
ENSP00000263519|ATP2B3	ENSP00000356187.3	79.34	1099	221	4	25	1123	20	1112	0.0	1786
ENSP00000263519|ATP2B3	ENSP00000340930.2	79.34	1099	221	4	25	1123	20	1112	0.0	1786
ENSP00000263519|ATP2B3	ENSCJAP00000012265.2	78.19	1119	227	5	5	1123	11	1112	0.0	1786
ENSP00000263519|ATP2B3	ENSRNOP00000004078.5	73.67	1200	292	9	25	1218	20	1201	0.0	1784
ENSP00000263519|ATP2B3	ENSCPOP00000027994.1	78.60	1112	232	4	12	1123	7	1112	0.0	1782
ENSP00000263519|ATP2B3	ENSPANP00000042751.1	99.43	875	5	0	1	875	1	875	0.0	1782
ENSP00000263519|ATP2B3	ENSPVAP00000010813.1	75.55	1227	285	7	1	1220	1	1219	0.0	1776
ENSP00000263519|ATP2B3	ENSECAP00000007505.1	79.45	1158	222	9	70	1220	1	1149	0.0	1774
ENSP00000263519|ATP2B3	ENSCPOP00000005153.3	78.97	1103	226	4	12	1114	7	1103	0.0	1770
ENSP00000263519|ATP2B3	ENSDORP00000022569.1	76.51	1111	246	5	25	1134	20	1116	0.0	1769
ENSP00000263519|ATP2B3	ENSFCAP00000036475.1	72.49	1225	264	8	5	1220	11	1171	0.0	1767
ENSP00000263519|ATP2B3	ENSPVAP00000003420.1	78.27	1100	218	6	25	1123	20	1099	0.0	1766
ENSP00000263519|ATP2B3	ENSMUSP00000133187.2	73.44	1205	288	9	25	1218	20	1203	0.0	1761
ENSP00000263519|ATP2B3	ENSMUSP00000119242.1	73.44	1205	288	9	25	1218	20	1203	0.0	1761
ENSP00000263519|ATP2B3	ENSCJAP00000021090.2	98.17	875	16	0	1	875	1	875	0.0	1760
ENSP00000263519|ATP2B3	ENSRNOP00000039880.4	73.55	1176	296	7	12	1186	7	1168	0.0	1755
ENSP00000263519|ATP2B3	ENSSTOP00000028866.1	77.32	1133	241	6	12	1134	7	1133	0.0	1755
ENSP00000263519|ATP2B3	ENSPTRP00000063691.1	80.54	1105	206	5	1	1099	1	1102	0.0	1744
ENSP00000263519|ATP2B3	ENSSTOP00000026820.1	78.24	1112	227	5	12	1114	7	1112	0.0	1742
ENSP00000263519|ATP2B3	ENSMLUP00000020949.1	72.36	1223	300	8	12	1220	7	1205	0.0	1738
ENSP00000263519|ATP2B3	ENSMUSP00000047978.7	77.53	1099	242	4	25	1123	20	1113	0.0	1731
ENSP00000263519|ATP2B3	ENSRROP00000006828.1	80.76	1081	199	5	1	1075	1	1078	0.0	1730
ENSP00000263519|ATP2B3	ENSMUSP00000116941.1	77.53	1099	242	4	25	1123	20	1113	0.0	1730
ENSP00000263519|ATP2B3	ENSPPYP00000005496.2	78.05	1148	238	9	1	1140	1	1142	0.0	1729
ENSP00000263519|ATP2B3	ENSTTRP00000015619.1	70.19	1238	293	7	29	1220	1	1208	0.0	1725
ENSP00000263519|ATP2B3	ENSFCAP00000038929.1	79.03	1154	172	11	1	1149	1	1089	0.0	1724
ENSP00000263519|ATP2B3	ENSSSCP00000059567.1	82.71	1070	172	6	158	1220	41	1104	0.0	1722
ENSP00000263519|ATP2B3	ENSMUSP00000107883.1	77.89	1090	236	4	25	1114	20	1104	0.0	1722
ENSP00000263519|ATP2B3	ENSBTAP00000018688.5	80.31	1046	187	4	70	1114	1	1028	0.0	1712
ENSP00000263519|ATP2B3	ENSOANP00000023897.2	70.68	1255	323	10	1	1220	1	1245	0.0	1708
ENSP00000263519|ATP2B3	ENSECAP00000007444.1	79.42	1074	214	6	70	1140	1	1070	0.0	1670
ENSP00000263519|ATP2B3	ENSPPYP00000000364.2	75.71	1099	201	7	25	1123	20	1052	0.0	1660
ENSP00000263519|ATP2B3	ENSDORP00000012257.2	96.34	820	20	2	1	811	1	819	0.0	1603
ENSP00000263519|ATP2B3	ENSEEUP00000012661.1	76.04	1031	240	6	23	1053	15	1038	0.0	1598
ENSP00000263519|ATP2B3	ENSEEUP00000006294.1	96.55	812	25	3	1	811	1	810	0.0	1598
ENSP00000263519|ATP2B3	ENSSBOP00000032199.1	88.29	922	86	3	1	902	1	920	0.0	1589
ENSP00000263519|ATP2B3	ENSPANP00000033910.1	99.10	776	7	0	1	776	1	776	0.0	1573
ENSP00000263519|ATP2B3	ENSMODP00000001355.3	69.61	1099	304	3	27	1125	15	1083	0.0	1568
ENSP00000263519|ATP2B3	ENSMMUP00000030780.3	81.82	968	163	6	260	1220	2	963	0.0	1555
ENSP00000263519|ATP2B3	ENSP00000376869.2	81.82	968	163	6	260	1220	2	963	0.0	1555
ENSP00000263519|ATP2B3	ENSLAFP00000025781.1	78.03	1006	166	8	264	1220	1	1000	0.0	1541
ENSP00000263519|ATP2B3	ENSOCUP00000004277.3	81.02	906	135	5	1	875	1	900	0.0	1457
ENSP00000263519|ATP2B3	ENSTTRP00000011072.1	91.55	746	62	1	475	1220	474	1218	0.0	1409
ENSP00000263519|ATP2B3	ENSTBEP00000008958.1	68.56	951	230	9	316	1220	309	1236	0.0	1302
ENSP00000263519|ATP2B3	ENSPVAP00000011910.1	73.29	906	202	9	1	875	1	897	0.0	1289
ENSP00000263519|ATP2B3	ENSOANP00000008531.1	59.49	1064	379	9	69	1127	1	1017	0.0	1285
ENSP00000263519|ATP2B3	ENSTBEP00000014270.1	97.88	612	13	0	609	1220	387	998	0.0	1264
ENSP00000263519|ATP2B3	ENSOCUP00000016185.1	74.79	841	186	9	222	1060	1	817	0.0	1264
ENSP00000263519|ATP2B3	ENSOCUP00000019843.1	70.45	873	222	8	336	1208	2	838	0.0	1264
ENSP00000263519|ATP2B3	ENSMODP00000012396.2	55.32	1108	448	8	30	1131	25	1091	0.0	1211
ENSP00000263519|ATP2B3	ENSDNOP00000016553.2	81.26	747	135	3	1	747	1	742	0.0	1210
ENSP00000263519|ATP2B3	ENSTBEP00000012651.1	75.60	795	182	5	265	1053	262	1050	0.0	1187
ENSP00000263519|ATP2B3	ENSDORP00000019568.1	77.16	753	163	5	1	747	1	750	0.0	1130
ENSP00000263519|ATP2B3	ENSDORP00000000670.2	77.16	753	163	5	1	747	1	750	0.0	1127
ENSP00000263519|ATP2B3	ENSMLUP00000001351.2	73.80	752	158	7	1	720	1	745	0.0	1097
ENSP00000263519|ATP2B3	ENSPTRP00000070929.1	80.26	608	101	4	1	608	1	589	0.0	948
ENSP00000263519|ATP2B3	ENSOCUP00000024550.1	60.95	804	288	9	12	811	7	788	0.0	867
ENSP00000263519|ATP2B3	ENSEEUP00000013206.1	76.47	612	136	4	1	607	1	609	0.0	867
ENSP00000263519|ATP2B3	ENSMAUP00000005566.1	60.22	631	170	13	606	1220	429	994	0.0	695
ENSP00000263519|ATP2B3	ENSMAUP00000005576.1	60.06	631	166	14	606	1220	429	989	0.0	689
ENSP00000263519|ATP2B3	ENSMAUP00000005560.1	56.97	667	178	14	606	1220	429	1038	0.0	681
ENSP00000263519|ATP2B3	ENSMODP00000015030.2	28.77	883	491	25	156	1023	136	895	1e-83	300
ENSP00000263519|ATP2B3	ENSRROP00000030660.1	30.38	892	482	25	82	935	33	823	4e-83	298
ENSP00000263519|ATP2B3	ENSSSCP00000024543.2	30.16	915	470	31	61	935	14	799	6e-83	298
ENSP00000263519|ATP2B3	ENSRROP00000030658.1	30.49	892	481	25	82	935	33	823	8e-83	298
ENSP00000263519|ATP2B3	ENSOANP00000010795.3	28.65	883	492	25	156	1023	132	891	8e-83	297
ENSP00000263519|ATP2B3	ENSOCUP00000012729.3	30.33	910	479	26	82	935	33	843	8e-83	298
ENSP00000263519|ATP2B3	ENSRROP00000030655.1	30.38	892	482	25	82	935	33	823	9e-83	298
ENSP00000263519|ATP2B3	ENSRROP00000030666.1	30.38	892	482	25	82	935	33	823	1e-82	297
ENSP00000263519|ATP2B3	ENSCPOP00000029505.1	28.65	883	492	25	156	1023	127	886	1e-82	296
ENSP00000263519|ATP2B3	ENSSTOP00000032597.1	30.70	912	473	28	82	935	33	843	2e-82	296
ENSP00000263519|ATP2B3	ENSMMUP00000010829.3	30.15	912	478	27	82	935	33	843	3e-82	297
ENSP00000263519|ATP2B3	ENSCPOP00000029543.1	28.65	883	492	25	156	1023	154	913	3e-82	296
ENSP00000263519|ATP2B3	ENSPANP00000030981.1	30.26	912	477	28	82	935	33	843	3e-82	296
ENSP00000263519|ATP2B3	ENSPANP00000036743.1	30.26	912	477	28	82	935	33	843	3e-82	296
ENSP00000263519|ATP2B3	ENSSTOP00000014068.2	30.70	912	473	28	82	935	33	843	4e-82	296
ENSP00000263519|ATP2B3	ENSMMUP00000010828.3	30.15	912	478	28	82	935	33	843	4e-82	296
ENSP00000263519|ATP2B3	ENSMAUP00000004620.1	29.98	934	491	28	61	935	14	843	5e-82	296
ENSP00000263519|ATP2B3	ENSEEUP00000009697.1	29.54	914	481	24	82	935	33	843	5e-82	296
ENSP00000263519|ATP2B3	ENSP00000380234.3	30.15	912	478	28	82	935	33	843	5e-82	296
ENSP00000263519|ATP2B3	ENSRROP00000002043.1	28.77	883	491	26	156	1023	102	861	5e-82	295
ENSP00000263519|ATP2B3	ENSRROP00000002065.1	28.77	883	491	26	156	1023	97	856	5e-82	295
ENSP00000263519|ATP2B3	ENSRROP00000002070.1	28.77	883	491	26	156	1023	102	861	5e-82	293
ENSP00000263519|ATP2B3	ENSPANP00000043443.1	30.15	912	478	27	82	935	33	843	5e-82	296
ENSP00000263519|ATP2B3	ENSP00000380236.3	30.15	912	478	28	82	935	33	843	5e-82	295
ENSP00000263519|ATP2B3	ENSNGAP00000003680.1	30.22	910	480	26	82	935	33	843	6e-82	295
ENSP00000263519|ATP2B3	ENSMAUP00000004603.1	29.87	934	492	27	61	935	14	843	6e-82	296
ENSP00000263519|ATP2B3	ENSPANP00000045818.1	28.77	883	491	26	156	1023	102	861	6e-82	293
ENSP00000263519|ATP2B3	ENSMMUP00000006808.3	28.77	883	491	26	156	1023	102	861	6e-82	293
ENSP00000263519|ATP2B3	ENSBTAP00000019703.5	29.46	937	492	29	61	935	14	843	7e-82	295
ENSP00000263519|ATP2B3	ENSP00000312577.7	30.15	912	478	28	82	935	33	843	7e-82	296
ENSP00000263519|ATP2B3	ENSP00000380229.3	30.15	912	478	28	82	935	33	843	7e-82	296
ENSP00000263519|ATP2B3	ENSPANP00000046755.1	28.77	883	491	26	156	1023	100	859	7e-82	293
ENSP00000263519|ATP2B3	ENSP00000353072.3	30.26	912	477	28	82	935	33	843	7e-82	296
ENSP00000263519|ATP2B3	ENSPANP00000019526.2	30.15	912	478	27	82	935	33	843	8e-82	296
ENSP00000263519|ATP2B3	ENSRROP00000002076.1	28.77	883	491	26	156	1023	97	856	9e-82	293
ENSP00000263519|ATP2B3	ENSNGAP00000003686.1	30.22	910	480	26	82	935	33	843	9e-82	295
ENSP00000263519|ATP2B3	ENSSSCP00000035943.1	29.59	936	492	28	61	935	14	843	1e-81	295
ENSP00000263519|ATP2B3	ENSP00000301387.6	30.15	912	478	28	82	935	33	843	1e-81	295
ENSP00000263519|ATP2B3	ENSPANP00000037670.1	28.77	883	491	26	156	1023	97	856	1e-81	294
ENSP00000263519|ATP2B3	ENSMMUP00000044028.1	28.77	883	491	26	156	1023	97	856	1e-81	294
ENSP00000263519|ATP2B3	ENSRROP00000002022.1	28.77	883	491	26	156	1023	136	895	1e-81	294
ENSP00000263519|ATP2B3	ENSPANP00000047083.1	28.77	883	491	26	156	1023	136	895	1e-81	294
ENSP00000263519|ATP2B3	ENSMMUP00000030966.3	30.04	912	479	27	82	935	33	843	1e-81	295
ENSP00000263519|ATP2B3	ENSPANP00000006846.1	28.77	883	491	26	156	1023	102	861	1e-81	293
ENSP00000263519|ATP2B3	ENSMMUP00000024948.3	28.77	883	491	26	156	1023	102	861	1e-81	293
ENSP00000263519|ATP2B3	ENSPANP00000022703.1	28.77	883	491	26	156	1023	97	856	1e-81	293
ENSP00000263519|ATP2B3	ENSPTRP00000070435.1	30.04	912	479	27	82	935	33	843	2e-81	294
ENSP00000263519|ATP2B3	ENSPANP00000021274.1	28.77	883	491	26	156	1023	102	861	2e-81	293
ENSP00000263519|ATP2B3	ENSMMUP00000006807.3	28.77	883	491	26	156	1023	102	861	2e-81	293
ENSP00000263519|ATP2B3	ENSMMUP00000006806.3	28.77	883	491	26	156	1023	167	926	2e-81	294
ENSP00000263519|ATP2B3	ENSPTRP00000077122.1	30.04	912	479	27	82	935	33	843	2e-81	294
ENSP00000263519|ATP2B3	ENSPTRP00000043355.4	30.15	912	478	27	82	935	33	843	2e-81	294
ENSP00000263519|ATP2B3	ENSMUSP00000104125.2	29.39	946	506	27	49	935	1	843	3e-81	293
ENSP00000263519|ATP2B3	ENSOCUP00000018270.2	28.43	883	494	25	156	1023	136	895	3e-81	293
ENSP00000263519|ATP2B3	ENSMUSP00000021142.7	29.49	946	505	27	49	935	1	843	4e-81	293
ENSP00000263519|ATP2B3	ENSMUSP00000127036.1	29.39	946	506	27	49	935	1	843	4e-81	293
ENSP00000263519|ATP2B3	ENSLAFP00000014429.3	30.15	912	478	27	82	935	33	843	9e-81	292
ENSP00000263519|ATP2B3	ENSTTRP00000005543.1	28.72	933	504	25	61	935	69	898	2e-80	292
ENSP00000263519|ATP2B3	ENSFCAP00000007348.4	29.17	912	487	23	82	935	33	843	2e-80	291
ENSP00000263519|ATP2B3	ENSCPOP00000033049.1	29.39	929	492	28	61	935	1	819	4e-80	290
ENSP00000263519|ATP2B3	ENSRNOP00000060512.1	29.70	946	503	29	49	935	1	843	6e-80	289
ENSP00000263519|ATP2B3	ENSRNOP00000060212.2	29.70	946	503	29	49	935	1	843	6e-80	290
ENSP00000263519|ATP2B3	ENSPTRP00000068520.1	30.04	912	478	28	82	935	33	842	7e-80	290
ENSP00000263519|ATP2B3	ENSDNOP00000015833.2	29.84	935	492	29	61	935	14	844	7e-80	290
ENSP00000263519|ATP2B3	ENSFDAP00000023197.1	30.42	904	470	28	90	935	1	803	9e-80	288
ENSP00000263519|ATP2B3	ENSCPOP00000029836.1	29.58	933	495	28	61	935	16	844	2e-79	288
ENSP00000263519|ATP2B3	ENSECAP00000011136.1	29.45	910	484	24	82	935	33	840	2e-79	288
ENSP00000263519|ATP2B3	ENSCPOP00000006728.3	29.58	933	495	28	61	935	16	844	3e-79	288
ENSP00000263519|ATP2B3	ENSAMEP00000010001.1	29.61	912	483	26	82	935	33	843	4e-79	287
ENSP00000263519|ATP2B3	ENSSSCP00000033739.1	29.64	911	476	27	86	935	58	864	5e-79	287
ENSP00000263519|ATP2B3	ENSOGAP00000007906.2	29.86	911	474	28	86	935	1	807	4e-78	284
ENSP00000263519|ATP2B3	ENSAMEP00000016501.1	29.29	915	485	23	66	922	72	882	8e-78	283
ENSP00000263519|ATP2B3	ENSECAP00000006104.1	28.92	906	480	21	90	935	4	805	1e-77	282
ENSP00000263519|ATP2B3	ENSRNOP00000075069.1	29.87	904	475	27	90	935	27	829	2e-77	282
ENSP00000263519|ATP2B3	ENSECAP00000011565.1	29.62	915	482	23	66	922	19	829	3e-77	281
ENSP00000263519|ATP2B3	ENSDORP00000009724.2	30.39	905	469	28	90	935	13	815	6e-77	280
ENSP00000263519|ATP2B3	ENSLAFP00000014028.4	29.18	915	486	22	66	922	19	829	7e-77	280
ENSP00000263519|ATP2B3	ENSFDAP00000013329.1	28.92	906	480	21	90	935	1	802	7e-77	279
ENSP00000263519|ATP2B3	ENSDNOP00000000333.3	29.04	916	487	23	66	922	19	830	2e-76	279
ENSP00000263519|ATP2B3	ENSCPOP00000002487.3	28.87	918	489	21	78	935	29	842	2e-76	279
ENSP00000263519|ATP2B3	ENSSSCP00000044701.1	29.29	915	485	23	66	922	19	829	2e-76	278
ENSP00000263519|ATP2B3	ENSSSCP00000008334.2	29.29	915	485	23	66	922	19	829	2e-76	278
ENSP00000263519|ATP2B3	ENSCPOP00000029664.1	29.04	916	487	22	66	922	19	830	3e-76	278
ENSP00000263519|ATP2B3	ENSPPYP00000008168.1	28.91	934	500	23	49	922	1	830	3e-76	278
ENSP00000263519|ATP2B3	ENSSSCP00000045878.1	29.29	915	485	23	66	922	19	829	3e-76	278
ENSP00000263519|ATP2B3	ENSBTAP00000008593.5	29.29	915	485	23	66	922	19	829	4e-76	278
ENSP00000263519|ATP2B3	ENSFDAP00000013341.1	28.92	906	480	21	90	935	34	835	4e-76	278
ENSP00000263519|ATP2B3	ENSRROP00000003794.1	28.86	932	503	22	49	922	1	830	4e-76	278
ENSP00000263519|ATP2B3	ENSP00000349595.3	28.86	932	503	21	49	922	1	830	4e-76	278
ENSP00000263519|ATP2B3	ENSCPOP00000001801.2	29.04	916	487	22	66	922	19	830	5e-76	277
ENSP00000263519|ATP2B3	ENSFCAP00000039066.1	29.07	915	487	22	66	922	19	829	5e-76	277
ENSP00000263519|ATP2B3	ENSRROP00000003788.1	28.86	932	503	22	49	922	1	830	5e-76	277
ENSP00000263519|ATP2B3	ENSP00000378879.4	28.86	932	503	21	49	922	1	830	6e-76	277
ENSP00000263519|ATP2B3	ENSPTRP00000072236.1	28.86	932	503	21	49	922	1	830	6e-76	277
ENSP00000263519|ATP2B3	ENSMLUP00000009087.2	29.32	914	486	21	66	922	78	888	7e-76	278
ENSP00000263519|ATP2B3	ENSP00000218548.6	30.15	839	425	26	167	943	154	893	7e-76	277
ENSP00000263519|ATP2B3	ENSMMUP00000060584.1	28.86	932	503	21	49	922	26	855	8e-76	277
ENSP00000263519|ATP2B3	ENSSBOP00000039819.1	28.65	918	491	22	78	935	29	842	8e-76	277
ENSP00000263519|ATP2B3	ENSCJAP00000017412.2	28.65	918	491	22	78	935	29	842	8e-76	277
ENSP00000263519|ATP2B3	ENSPANP00000012475.2	28.86	932	503	21	49	922	1	830	8e-76	277
ENSP00000263519|ATP2B3	ENSCJAP00000017420.2	29.07	908	495	22	78	935	91	899	8e-76	278
ENSP00000263519|ATP2B3	ENSFCAP00000027597.1	29.07	915	487	22	66	922	19	829	8e-76	277
ENSP00000263519|ATP2B3	ENSSTOP00000029549.1	28.65	918	491	22	78	935	29	842	9e-76	276
ENSP00000263519|ATP2B3	ENSCPOP00000023333.1	28.65	918	491	22	78	935	29	842	9e-76	276
ENSP00000263519|ATP2B3	ENSECAP00000006119.1	28.48	906	484	21	90	935	4	805	9e-76	276
ENSP00000263519|ATP2B3	ENSPANP00000012474.2	28.86	932	503	21	49	922	1	830	1e-75	276
ENSP00000263519|ATP2B3	ENSSTOP00000029925.1	28.80	934	501	23	49	922	1	830	1e-75	276
ENSP00000263519|ATP2B3	ENSPTRP00000009734.4	30.15	839	425	26	167	943	154	893	1e-75	277
ENSP00000263519|ATP2B3	ENSSSCP00000039305.1	28.54	918	492	22	78	935	29	842	1e-75	276
ENSP00000263519|ATP2B3	ENSOANP00000007563.2	28.77	921	483	23	80	935	13	825	1e-75	276
ENSP00000263519|ATP2B3	ENSSTOP00000028590.1	28.80	934	501	23	49	922	1	830	2e-75	276
ENSP00000263519|ATP2B3	ENSCPOP00000024348.1	28.65	918	491	22	78	935	29	842	2e-75	276
ENSP00000263519|ATP2B3	ENSOANP00000007564.2	28.77	921	483	23	80	935	49	861	2e-75	276
ENSP00000263519|ATP2B3	ENSMUSP00000032974.6	28.93	916	488	22	66	922	19	830	2e-75	275
ENSP00000263519|ATP2B3	ENSDORP00000023923.1	28.88	914	491	20	66	922	19	830	2e-75	275
ENSP00000263519|ATP2B3	ENSMUSP00000136104.1	28.88	914	494	23	78	935	29	842	2e-75	275
ENSP00000263519|ATP2B3	ENSDNOP00000022640.1	28.88	914	494	23	78	935	29	842	2e-75	275
ENSP00000263519|ATP2B3	ENSSSCP00000037774.1	28.54	918	492	22	78	935	29	842	3e-75	276
ENSP00000263519|ATP2B3	ENSSSCP00000045838.1	28.54	918	492	22	78	935	29	842	3e-75	276
ENSP00000263519|ATP2B3	ENSSTOP00000024822.1	28.65	918	491	22	78	935	29	842	3e-75	276
ENSP00000263519|ATP2B3	ENSNGAP00000024700.1	28.54	918	492	22	78	935	29	842	3e-75	275
ENSP00000263519|ATP2B3	ENSFCAP00000022120.2	31.36	625	360	19	414	1023	291	861	3e-75	274
ENSP00000263519|ATP2B3	ENSRNOP00000001738.6	28.88	914	494	23	78	935	29	842	3e-75	275
ENSP00000263519|ATP2B3	ENSNGAP00000023173.1	28.93	916	488	22	66	922	19	830	4e-75	275
ENSP00000263519|ATP2B3	ENSFCAP00000032976.1	31.36	625	360	19	414	1023	325	895	4e-75	275
ENSP00000263519|ATP2B3	ENSNGAP00000024704.1	28.54	918	492	22	78	935	29	842	4e-75	275
ENSP00000263519|ATP2B3	ENSAMEP00000014815.1	28.54	918	492	22	78	935	29	842	4e-75	275
ENSP00000263519|ATP2B3	ENSLAFP00000010389.4	31.36	625	360	18	414	1023	325	895	4e-75	274
ENSP00000263519|ATP2B3	ENSP00000311186.6	28.51	919	491	22	78	935	29	842	5e-75	274
ENSP00000263519|ATP2B3	ENSMUSP00000031423.8	28.88	914	494	23	78	935	29	842	5e-75	275
ENSP00000263519|ATP2B3	ENSMUSP00000135935.2	28.88	914	494	23	78	935	29	842	5e-75	275
ENSP00000263519|ATP2B3	ENSMODP00000014631.3	28.87	918	489	23	78	935	29	842	5e-75	274
ENSP00000263519|ATP2B3	ENSDNOP00000010552.3	28.88	914	494	23	78	935	29	842	5e-75	275
ENSP00000263519|ATP2B3	ENSPTRP00000084896.1	28.51	919	491	22	78	935	29	842	6e-75	274
ENSP00000263519|ATP2B3	ENSLAFP00000012862.4	28.59	913	488	22	83	935	35	843	6e-75	275
ENSP00000263519|ATP2B3	ENSCJAP00000005974.1	31.35	622	358	18	417	1023	2	569	7e-75	267
ENSP00000263519|ATP2B3	ENSRNOP00000024347.7	28.88	914	494	23	78	935	29	842	7e-75	274
ENSP00000263519|ATP2B3	ENSMAUP00000013050.1	31.20	625	361	18	414	1023	291	861	8e-75	272
ENSP00000263519|ATP2B3	ENSPTRP00000009231.6	28.51	919	491	22	78	935	29	842	8e-75	274
ENSP00000263519|ATP2B3	ENSMUSP00000135802.1	31.36	625	360	18	414	1023	154	724	8e-75	270
ENSP00000263519|ATP2B3	ENSP00000440045.2	28.51	919	491	22	78	935	29	842	9e-75	274
ENSP00000263519|ATP2B3	ENSCJAP00000005969.2	31.20	625	361	18	414	1023	73	643	9e-75	269
ENSP00000263519|ATP2B3	ENSRNOP00000018175.7	31.36	625	361	18	414	1023	288	859	1e-74	272
ENSP00000263519|ATP2B3	ENSRROP00000043071.1	28.40	919	492	22	78	935	29	842	1e-74	273
ENSP00000263519|ATP2B3	ENSPANP00000005966.1	28.40	919	492	22	78	935	29	842	1e-74	273
ENSP00000263519|ATP2B3	ENSMMUP00000044131.1	28.40	919	492	22	78	935	29	842	1e-74	273
ENSP00000263519|ATP2B3	ENSRROP00000043084.1	28.40	919	492	22	78	935	29	842	1e-74	273
ENSP00000263519|ATP2B3	ENSMUSP00000039103.7	31.36	625	360	18	414	1023	290	860	1e-74	272
ENSP00000263519|ATP2B3	ENSMUSP00000108177.2	31.36	625	360	18	414	1023	290	860	1e-74	272
ENSP00000263519|ATP2B3	ENSMAUP00000013038.1	31.20	625	361	18	414	1023	286	856	1e-74	272
ENSP00000263519|ATP2B3	ENSMMUP00000010827.3	30.81	818	421	25	181	935	14	749	1e-74	272
ENSP00000263519|ATP2B3	ENSCJAP00000011397.2	28.65	932	505	21	49	922	1	830	2e-74	273
ENSP00000263519|ATP2B3	ENSMAUP00000013056.1	31.20	625	361	18	414	1023	289	859	2e-74	271
ENSP00000263519|ATP2B3	ENSMAUP00000013068.1	31.20	625	361	18	414	1023	291	861	2e-74	271
ENSP00000263519|ATP2B3	ENSMUSP00000135646.1	31.36	625	360	18	414	1023	290	860	2e-74	271
ENSP00000263519|ATP2B3	ENSPVAP00000003305.1	28.76	918	486	23	78	935	29	838	2e-74	273
ENSP00000263519|ATP2B3	ENSMAUP00000013061.1	31.20	625	361	18	414	1023	325	895	2e-74	272
ENSP00000263519|ATP2B3	ENSPANP00000001002.2	28.40	919	492	22	78	935	29	842	2e-74	273
ENSP00000263519|ATP2B3	ENSMUSP00000082220.6	31.36	625	360	18	414	1023	324	894	2e-74	272
ENSP00000263519|ATP2B3	ENSMUSP00000134764.1	31.36	625	360	18	414	1023	285	855	3e-74	271
ENSP00000263519|ATP2B3	ENSPPYP00000008813.2	30.60	781	404	22	211	935	51	749	3e-74	271
ENSP00000263519|ATP2B3	ENSCPOP00000023041.1	31.04	625	362	18	414	1023	291	861	3e-74	270
ENSP00000263519|ATP2B3	ENSCJAP00000035159.2	30.17	842	427	27	164	943	151	893	4e-74	272
ENSP00000263519|ATP2B3	ENSFCAP00000037647.1	30.30	802	408	23	167	918	153	853	4e-74	272
ENSP00000263519|ATP2B3	ENSAMEP00000015193.1	30.55	671	395	20	414	1067	289	905	4e-74	271
ENSP00000263519|ATP2B3	ENSCJAP00000017407.2	28.62	940	510	22	42	922	12	849	5e-74	271
ENSP00000263519|ATP2B3	ENSOGAP00000006157.2	28.83	933	502	22	49	922	1	830	5e-74	271
ENSP00000263519|ATP2B3	ENSLAFP00000026459.1	31.14	623	357	18	415	1023	290	854	6e-74	270
ENSP00000263519|ATP2B3	ENSCPOP00000027083.1	31.04	625	362	18	414	1023	294	864	6e-74	270
ENSP00000263519|ATP2B3	ENSPTRP00000073888.1	28.89	938	495	34	56	943	8	823	6e-74	271
ENSP00000263519|ATP2B3	ENSP00000471581.1	28.89	938	495	34	56	943	8	823	6e-74	271
ENSP00000263519|ATP2B3	ENSCJAP00000044054.1	28.89	938	495	34	56	943	8	823	6e-74	271
ENSP00000263519|ATP2B3	ENSSSCP00000035473.1	30.87	784	398	23	211	935	20	718	6e-74	269
ENSP00000263519|ATP2B3	ENSSSCP00000018933.3	30.87	784	398	23	211	935	20	718	6e-74	269
ENSP00000263519|ATP2B3	ENSCPOP00000005114.3	31.04	625	362	18	414	1023	291	861	6e-74	270
ENSP00000263519|ATP2B3	ENSMUSP00000104124.1	28.56	942	501	27	49	935	1	825	7e-74	271
ENSP00000263519|ATP2B3	ENSCJAP00000005983.2	31.00	629	357	18	414	1023	291	861	7e-74	269
ENSP00000263519|ATP2B3	ENSCPOP00000032158.1	31.04	625	362	18	414	1023	286	856	7e-74	270
ENSP00000263519|ATP2B3	ENSCPOP00000024439.1	31.04	625	362	18	414	1023	316	886	7e-74	270
ENSP00000263519|ATP2B3	ENSSTOP00000007727.3	31.20	625	361	18	414	1023	291	861	8e-74	270
ENSP00000263519|ATP2B3	ENSSTOP00000029348.1	31.20	625	361	18	414	1023	291	861	8e-74	270
ENSP00000263519|ATP2B3	ENSMUSP00000104126.1	28.66	942	500	28	49	935	1	825	9e-74	271
ENSP00000263519|ATP2B3	ENSSBOP00000018607.1	31.20	625	361	18	414	1023	275	845	9e-74	270
ENSP00000263519|ATP2B3	ENSRROP00000013423.1	28.82	961	509	35	33	943	18	853	1e-73	271
ENSP00000263519|ATP2B3	ENSSBOP00000018665.1	31.20	625	361	18	414	1023	291	861	1e-73	269
ENSP00000263519|ATP2B3	ENSCJAP00000005978.2	31.00	629	357	18	414	1023	291	861	1e-73	270
ENSP00000263519|ATP2B3	ENSCJAP00000045156.1	31.20	625	361	18	414	1023	291	861	1e-73	269
ENSP00000263519|ATP2B3	ENSMUSP00000099922.3	28.82	961	509	35	33	943	18	853	1e-73	271
ENSP00000263519|ATP2B3	ENSRNOP00000027497.5	28.82	961	509	35	33	943	18	853	1e-73	270
ENSP00000263519|ATP2B3	ENSMUSP00000079691.6	28.82	961	509	35	33	943	18	853	1e-73	270
ENSP00000263519|ATP2B3	ENSSBOP00000018590.1	31.20	625	361	18	414	1023	291	861	1e-73	270
